{
  "average_accuracy": 0.6475314104797079,
  "average_perplexity": 31494.307038208484,
  "per_subject_accuracy": {
    "abstract_algebra": 0.29,
    "anatomy": 0.6518518518518519,
    "astronomy": 0.6973684210526315,
    "business_ethics": 0.63,
    "clinical_knowledge": 0.7245283018867924,
    "college_biology": 0.7986111111111112,
    "college_chemistry": 0.5,
    "college_computer_science": 0.54,
    "college_mathematics": 0.36,
    "college_medicine": 0.6416184971098265,
    "college_physics": 0.5098039215686274,
    "computer_security": 0.73,
    "conceptual_physics": 0.548936170212766,
    "econometrics": 0.41228070175438597,
    "electrical_engineering": 0.6482758620689655,
    "elementary_mathematics": 0.35185185185185186,
    "formal_logic": 0.49206349206349204,
    "global_facts": 0.29,
    "high_school_biology": 0.7677419354838709,
    "high_school_chemistry": 0.5172413793103449,
    "high_school_computer_science": 0.68,
    "high_school_european_history": 0.7575757575757576,
    "high_school_geography": 0.8484848484848485,
    "high_school_government_and_politics": 0.8808290155440415,
    "high_school_macroeconomics": 0.6435897435897436,
    "high_school_mathematics": 0.2851851851851852,
    "high_school_microeconomics": 0.7184873949579832,
    "high_school_physics": 0.3973509933774834,
    "high_school_psychology": 0.8568807339449541,
    "high_school_statistics": 0.6064814814814815,
    "high_school_us_history": 0.8235294117647058,
    "high_school_world_history": 0.8354430379746836,
    "human_aging": 0.6905829596412556,
    "human_sexuality": 0.7557251908396947,
    "international_law": 0.8512396694214877,
    "jurisprudence": 0.7129629629629629,
    "logical_fallacies": 0.7668711656441718,
    "machine_learning": 0.41964285714285715,
    "management": 0.8446601941747572,
    "marketing": 0.8547008547008547,
    "medical_genetics": 0.79,
    "miscellaneous": 0.8122605363984674,
    "moral_disputes": 0.6936416184971098,
    "moral_scenarios": 0.2994413407821229,
    "nutrition": 0.7450980392156863,
    "philosophy": 0.7234726688102894,
    "prehistory": 0.7345679012345679,
    "professional_accounting": 0.45390070921985815,
    "professional_law": 0.45045632333767927,
    "professional_medicine": 0.7022058823529411,
    "professional_psychology": 0.7156862745098039,
    "public_relations": 0.6363636363636364,
    "security_studies": 0.7510204081632653,
    "sociology": 0.8656716417910447,
    "us_foreign_policy": 0.83,
    "virology": 0.5602409638554217,
    "world_religions": 0.8128654970760234
  },
  "per_subject_perplexity": {
    "abstract_algebra": 46898.01900289156,
    "anatomy": 28989.957109788833,
    "astronomy": 25367.228606966994,
    "business_ethics": 21744.772609368018,
    "clinical_knowledge": 31586.014905863387,
    "college_biology": 35430.36119153081,
    "college_chemistry": 52398.70985891294,
    "college_computer_science": 42111.795255575635,
    "college_mathematics": 80603.72230425593,
    "college_medicine": 25520.224580164533,
    "college_physics": 68645.0218235123,
    "computer_security": 41069.730607029625,
    "conceptual_physics": 41147.0028817386,
    "econometrics": 34924.14701854913,
    "electrical_engineering": 69979.28705322488,
    "elementary_mathematics": 147507.135089016,
    "formal_logic": 38639.45954021291,
    "global_facts": 14610.820244365916,
    "high_school_biology": 21181.47271392045,
    "high_school_chemistry": 32279.867866803284,
    "high_school_computer_science": 44997.441190104415,
    "high_school_european_history": 10672.687406503715,
    "high_school_geography": 25584.443284286226,
    "high_school_government_and_politics": 12873.136792533618,
    "high_school_macroeconomics": 15453.466243608804,
    "high_school_mathematics": 131624.68985032232,
    "high_school_microeconomics": 15813.85110333011,
    "high_school_physics": 27794.142864204525,
    "high_school_psychology": 24438.004185895395,
    "high_school_statistics": 17227.19748544552,
    "high_school_us_history": 12086.892638164736,
    "high_school_world_history": 14744.69184195258,
    "human_aging": 25607.49331425952,
    "human_sexuality": 23190.37320782344,
    "international_law": 23872.534328957856,
    "jurisprudence": 22911.173853420547,
    "logical_fallacies": 13938.71693799325,
    "machine_learning": 28326.557174019094,
    "management": 28278.96006411379,
    "marketing": 25886.527554597276,
    "medical_genetics": 25715.76788532114,
    "miscellaneous": 26143.726836152753,
    "moral_disputes": 13487.846107308913,
    "moral_scenarios": 8668.897468198486,
    "nutrition": 27407.059251534396,
    "philosophy": 15581.735832349532,
    "prehistory": 21279.93966558375,
    "professional_accounting": 29451.78521097207,
    "professional_law": 7518.617629897948,
    "professional_medicine": 18937.745981163032,
    "professional_psychology": 17824.575636697187,
    "public_relations": 19590.145857378433,
    "security_studies": 14361.775525095984,
    "sociology": 18022.05379348208,
    "us_foreign_policy": 15218.238682222542,
    "virology": 30861.76033309447,
    "world_religions": 39146.09789620238
  }
}