{
  "average_accuracy": 0.6470969890925883,
  "average_perplexity": 31010.236134639006,
  "per_subject_accuracy": {
    "abstract_algebra": 0.29,
    "anatomy": 0.6592592592592592,
    "astronomy": 0.6973684210526315,
    "business_ethics": 0.64,
    "clinical_knowledge": 0.720754716981132,
    "college_biology": 0.8055555555555556,
    "college_chemistry": 0.5,
    "college_computer_science": 0.54,
    "college_mathematics": 0.36,
    "college_medicine": 0.6473988439306358,
    "college_physics": 0.5,
    "computer_security": 0.72,
    "conceptual_physics": 0.548936170212766,
    "econometrics": 0.41228070175438597,
    "electrical_engineering": 0.6551724137931034,
    "elementary_mathematics": 0.3544973544973545,
    "formal_logic": 0.48412698412698413,
    "global_facts": 0.28,
    "high_school_biology": 0.7612903225806451,
    "high_school_chemistry": 0.5123152709359606,
    "high_school_computer_science": 0.68,
    "high_school_european_history": 0.7575757575757576,
    "high_school_geography": 0.8484848484848485,
    "high_school_government_and_politics": 0.8808290155440415,
    "high_school_macroeconomics": 0.6487179487179487,
    "high_school_mathematics": 0.2814814814814815,
    "high_school_microeconomics": 0.726890756302521,
    "high_school_physics": 0.39072847682119205,
    "high_school_psychology": 0.8550458715596331,
    "high_school_statistics": 0.5879629629629629,
    "high_school_us_history": 0.8235294117647058,
    "high_school_world_history": 0.8354430379746836,
    "human_aging": 0.695067264573991,
    "human_sexuality": 0.7557251908396947,
    "international_law": 0.8512396694214877,
    "jurisprudence": 0.7129629629629629,
    "logical_fallacies": 0.7607361963190185,
    "machine_learning": 0.4107142857142857,
    "management": 0.8543689320388349,
    "marketing": 0.8589743589743589,
    "medical_genetics": 0.79,
    "miscellaneous": 0.8109833971902938,
    "moral_disputes": 0.6994219653179191,
    "moral_scenarios": 0.2994413407821229,
    "nutrition": 0.7450980392156863,
    "philosophy": 0.7234726688102894,
    "prehistory": 0.7314814814814815,
    "professional_accounting": 0.450354609929078,
    "professional_law": 0.4471968709256845,
    "professional_medicine": 0.7022058823529411,
    "professional_psychology": 0.7124183006535948,
    "public_relations": 0.6454545454545455,
    "security_studies": 0.746938775510204,
    "sociology": 0.8656716417910447,
    "us_foreign_policy": 0.83,
    "virology": 0.5602409638554217,
    "world_religions": 0.8187134502923976
  },
  "per_subject_perplexity": {
    "abstract_algebra": 46082.18075416486,
    "anatomy": 28811.18595190169,
    "astronomy": 24927.899163035298,
    "business_ethics": 21316.562824328535,
    "clinical_knowledge": 31198.764414832665,
    "college_biology": 35174.72918829864,
    "college_chemistry": 51048.226620529626,
    "college_computer_science": 41937.40145425822,
    "college_mathematics": 79705.06694954296,
    "college_medicine": 25354.442782039965,
    "college_physics": 66830.13903673495,
    "computer_security": 40987.128022315526,
    "conceptual_physics": 40553.10237184827,
    "econometrics": 34520.27735461535,
    "electrical_engineering": 70775.90728619741,
    "elementary_mathematics": 143902.30234368314,
    "formal_logic": 38323.15897860557,
    "global_facts": 14272.29222163198,
    "high_school_biology": 21030.342742526573,
    "high_school_chemistry": 31154.882853723146,
    "high_school_computer_science": 44372.25954519537,
    "high_school_european_history": 10549.99190204183,
    "high_school_geography": 25003.59019163555,
    "high_school_government_and_politics": 12667.087260465667,
    "high_school_macroeconomics": 15282.53580816345,
    "high_school_mathematics": 126779.01475227899,
    "high_school_microeconomics": 15412.11958170742,
    "high_school_physics": 26912.160902472766,
    "high_school_psychology": 24313.76954122553,
    "high_school_statistics": 16834.138095519585,
    "high_school_us_history": 11879.926992540117,
    "high_school_world_history": 14578.277313265211,
    "human_aging": 25677.171520011205,
    "human_sexuality": 23221.774609980774,
    "international_law": 23346.01657893947,
    "jurisprudence": 22380.54775378252,
    "logical_fallacies": 13862.574976373384,
    "machine_learning": 27989.189924394395,
    "management": 28037.19150685116,
    "marketing": 25821.498472676343,
    "medical_genetics": 25349.01101687287,
    "miscellaneous": 25714.637352899186,
    "moral_disputes": 13188.548752425713,
    "moral_scenarios": 8643.794994952044,
    "nutrition": 27145.499690855242,
    "philosophy": 15407.287757959411,
    "prehistory": 20924.48026454086,
    "professional_accounting": 28706.25296392208,
    "professional_law": 7397.942723637924,
    "professional_medicine": 18938.036743230827,
    "professional_psychology": 17724.91081487405,
    "public_relations": 19571.645388297773,
    "security_studies": 14000.389345471604,
    "sociology": 17735.057277158114,
    "us_foreign_policy": 14837.349801291763,
    "virology": 30884.449091766863,
    "world_religions": 38587.33514993189
  }
}