{
  "average_accuracy": 0.6470483258903038,
  "average_perplexity": 34099.536010588476,
  "per_subject_accuracy": {
    "abstract_algebra": 0.26,
    "anatomy": 0.674074074074074,
    "astronomy": 0.6907894736842105,
    "business_ethics": 0.63,
    "clinical_knowledge": 0.7132075471698113,
    "college_biology": 0.7916666666666666,
    "college_chemistry": 0.47,
    "college_computer_science": 0.51,
    "college_mathematics": 0.34,
    "college_medicine": 0.6358381502890174,
    "college_physics": 0.49019607843137253,
    "computer_security": 0.74,
    "conceptual_physics": 0.5446808510638298,
    "econometrics": 0.43859649122807015,
    "electrical_engineering": 0.6344827586206897,
    "elementary_mathematics": 0.3888888888888889,
    "formal_logic": 0.48412698412698413,
    "global_facts": 0.32,
    "high_school_biology": 0.7645161290322581,
    "high_school_chemistry": 0.5123152709359606,
    "high_school_computer_science": 0.7,
    "high_school_european_history": 0.7636363636363637,
    "high_school_geography": 0.8535353535353535,
    "high_school_government_and_politics": 0.8756476683937824,
    "high_school_macroeconomics": 0.6435897435897436,
    "high_school_mathematics": 0.32592592592592595,
    "high_school_microeconomics": 0.7100840336134454,
    "high_school_physics": 0.4370860927152318,
    "high_school_psychology": 0.8440366972477065,
    "high_school_statistics": 0.5740740740740741,
    "high_school_us_history": 0.8333333333333334,
    "high_school_world_history": 0.8312236286919831,
    "human_aging": 0.6995515695067265,
    "human_sexuality": 0.7633587786259542,
    "international_law": 0.8429752066115702,
    "jurisprudence": 0.7314814814814815,
    "logical_fallacies": 0.7730061349693251,
    "machine_learning": 0.4375,
    "management": 0.8543689320388349,
    "marketing": 0.8547008547008547,
    "medical_genetics": 0.8,
    "miscellaneous": 0.8045977011494253,
    "moral_disputes": 0.6965317919075145,
    "moral_scenarios": 0.288268156424581,
    "nutrition": 0.738562091503268,
    "philosophy": 0.7266881028938906,
    "prehistory": 0.7407407407407407,
    "professional_accounting": 0.4148936170212766,
    "professional_law": 0.4517601043024772,
    "professional_medicine": 0.6911764705882353,
    "professional_psychology": 0.7140522875816994,
    "public_relations": 0.6454545454545455,
    "security_studies": 0.7428571428571429,
    "sociology": 0.8507462686567164,
    "us_foreign_policy": 0.82,
    "virology": 0.5542168674698795,
    "world_religions": 0.8187134502923976
  },
  "per_subject_perplexity": {
    "abstract_algebra": 54003.01351248041,
    "anatomy": 31748.94597973716,
    "astronomy": 28444.101595830856,
    "business_ethics": 23468.27054513017,
    "clinical_knowledge": 34036.25920368497,
    "college_biology": 36046.36912201862,
    "college_chemistry": 52965.284967274776,
    "college_computer_science": 43489.83604132574,
    "college_mathematics": 90515.75642467501,
    "college_medicine": 27375.496448211306,
    "college_physics": 74342.1348222522,
    "computer_security": 44059.70287186584,
    "conceptual_physics": 42720.24872647064,
    "econometrics": 39171.35927400032,
    "electrical_engineering": 68820.18086922819,
    "elementary_mathematics": 158245.99973098605,
    "formal_logic": 39444.82621487774,
    "global_facts": 16658.7767184752,
    "high_school_biology": 21554.6448222002,
    "high_school_chemistry": 35229.91804516081,
    "high_school_computer_science": 49540.209515388866,
    "high_school_european_history": 11447.90237324539,
    "high_school_geography": 29648.265499641366,
    "high_school_government_and_politics": 14842.904037958724,
    "high_school_macroeconomics": 17409.83170676836,
    "high_school_mathematics": 142046.40343167447,
    "high_school_microeconomics": 17778.877585881386,
    "high_school_physics": 29127.028264919434,
    "high_school_psychology": 26811.713738125145,
    "high_school_statistics": 19302.111209057588,
    "high_school_us_history": 14024.51397466414,
    "high_school_world_history": 16172.00556429783,
    "human_aging": 27352.103358120017,
    "human_sexuality": 25988.897991382397,
    "international_law": 23605.69290617343,
    "jurisprudence": 25350.78177705903,
    "logical_fallacies": 14654.358785401935,
    "machine_learning": 31202.67636293487,
    "management": 31825.353467022815,
    "marketing": 28390.285900383773,
    "medical_genetics": 28040.25450535338,
    "miscellaneous": 30066.574229662794,
    "moral_disputes": 14476.15436789377,
    "moral_scenarios": 10212.561871736218,
    "nutrition": 29172.415759318632,
    "philosophy": 17010.50905219919,
    "prehistory": 23329.93317024997,
    "professional_accounting": 31684.299316667355,
    "professional_law": 8146.148963076799,
    "professional_medicine": 21257.385229004598,
    "professional_psychology": 18940.745506244926,
    "public_relations": 20871.617120869334,
    "security_studies": 15667.15487594257,
    "sociology": 20071.00970336697,
    "us_foreign_policy": 17271.368186545093,
    "virology": 32293.73943598799,
    "world_religions": 46298.63792343616
  }
}